st1,income,unemploy,poverty,black_area,female_area,pctbush04mean,pctkerry04mean,crimerate04mean,proptaxpercap02mean,loctaxpercap02mean,citi6006,inst6006,Year
AK,61887.73684210526,5.760526315789476,.0809199412010218,.019178441,.23203647,,,,1804.137777777776,2421.960000000001,28.24030000000002,13.16669999999999,2006
AK,64969,7.1,.0935175195336342,.0064459974,.18774924,,,,1804.137777777777,2421.96,28.2403,13.1667,2007
AK,74396,5.3,.0703258439898491,.039960083,.21518244,,,,1804.137777777777,2421.96,28.2403,13.1667,2008
AK,72210,6.599999999999999,.0737628191709518,.069115296,.49237177,,,,1804.137777777777,2421.96,28.2403,13.1667,2009
AK,69267.5,6.812499999999998,.0580980069935322,.058671214,.49716744,,,,1804.137777777778,2421.96,28.24029999999999,13.16669999999999,2010
AK,70524,6.800000000000002,.0582192055881023,.059775345,.49949971,,,,1804.137777777777,2421.96,28.24030000000001,13.16669999999999,2011
AK,70485.03875968992,6.800387596899195,.0582154474921467,.05974111,.49942738,,,,1804.137777777783,2421.960000000001,28.24030000000015,13.16670000000008,2012
AK,,,,,,,,,1804.137777777777,2421.96,28.2403,13.1667,2014
AL,38631.61396011396,3.658547008547,.1658454275453872,.13540141,.26245239,61.16567164179217,38.23567164179153,3276.425074626864,201.1068656716405,465.6231343283609,38.49460000000071,42.625,2006
AL,40216.91891891892,3.663963963963968,.1714070403092616,.17223303,.26282147,61.16567164179105,38.23567164179111,3276.425074626866,201.1068656716416,465.623134328358,38.4946,42.625,2007
AL,41059.98701298701,4.842857142857143,.1640803501396984,.08619678,.24672928,61.16567164179105,38.23567164179109,3276.425074626866,201.1068656716416,465.6231343283581,38.4946,42.625,2008
AL,43297.24087591241,9.491605839416069,.1586077633130289,.28249401,.51950908,61.16567164179109,38.23567164179091,3276.425074626842,201.106865671643,465.623134328358,38.4946,42.625,2009
AL,40514.80555555555,9.334953703703723,.0968478021763817,.32363987,.52305031,61.16567164179174,38.23567164179087,3276.42507462686,201.1068656716421,465.6231343283631,38.49460000000003,42.625,2010
AL,38859.13383208645,9.632502078137954,.1009724580946805,.25188586,.51809675,61.16567164179246,38.23567164179196,3276.425074626792,201.1068656716394,465.6231343283574,38.4946000000001,42.625,2011
AL,41077.54342605564,9.440804482689146,.095546186468304,.22693054,.51670796,61.16567164178448,38.2356716417869,3276.425074626488,201.1068656716811,465.6231343283881,38.49459999999517,42.625,2012
AL,,,,,,61.16567164179274,38.23567164179008,3276.425074627043,201.1068656716577,465.6231343283387,38.49460000000287,42.625,2013
AL,,,,,,61.16567164179178,38.23567164179094,3276.425074626862,201.1068656716419,465.6231343283634,38.49460000000009,42.625,2014
AR,36812.14739884393,5.705202312138715,.1748531767829305,.093691833,.2518031,53.32626666666684,45.4905333333335,3076.752567567544,159.7289333333324,350.5552000000017,49.17879999999984,43.75,2006
AR,35881.71428571428,5.920408163265301,.1988779075798534,.10310256,.26311362,53.32626666666675,45.49053333333337,3076.752567567571,159.728933333333,350.5552000000006,49.1787999999999,43.75,2007
AR,39642.01666666667,5.481666666666666,.177843892822663,.10620821,.26643327,53.32626666666661,45.4905333333333,3076.75256756757,159.7289333333332,350.5552,49.17880000000002,43.75,2008
AR,33799.28947368421,8.131578947368419,.2075300228438879,.20124306,.50918788,53.32626666666669,45.49053333333335,3076.752567567568,159.7289333333331,350.5552000000002,49.17879999999997,43.75,2009
AR,40212.88444444445,7.592444444444426,.0984078704317411,.20450352,.51762557,53.3262666666668,45.49053333333345,3076.752567567557,159.7289333333326,350.5552000000013,49.17879999999982,43.75,2010
AR,37870.85822306238,8.039130434782592,.1057598326066491,.14569323,.51250666,53.32626666666687,45.49053333333352,3076.752567567573,159.7289333333323,350.5552000000019,49.17880000000041,43.75,2011
AR,38546.21343445287,7.92708559046589,.1029642116468105,.10602537,.51022762,53.32626666666567,45.49053333333276,3076.752567567537,159.7289333333322,350.5552000000022,49.17880000000088,43.75,2012
AR,,,,,,53.32626666666679,45.49053333333343,3076.752567567563,159.7289333333327,350.5552000000011,49.17879999999984,43.75,2013
AR,,,,,,53.32626666666669,45.49053333333335,3076.752567567567,159.7289333333332,350.5552,49.17879999999998,43.75,2014
AZ,45768.82408660352,5.321380243572393,.1482915200383802,.018429177,.20748761,55.16800000000007,44.05333333333329,4042.328000000051,602.9373333333231,868.3246666666729,46.36760000000042,52.875,2006
AZ,52386.28571428572,3.501242236024843,.1344498879976154,.018984899,.20310791,55.16799999999984,44.05333333333329,4042.327999999989,602.9373333333348,868.3246666666663,46.36759999999983,52.875,2007
AZ,46392.02953586498,6.381012658227831,.1508376922159758,.012545739,.20342147,55.16799999999978,44.05333333333329,4042.327999999986,602.9373333333349,868.324666666662,46.36759999999975,52.875,2008
AZ,44318.46590909091,9.028409090909081,.181459716944532,.035102937,.50626081,55.16799999999998,44.05333333333329,4042.327999999997,602.9373333333345,868.3246666666672,46.36760000000003,52.875,2009
AZ,46888.47878787879,11.28121212121212,.0975514934370012,.041578274,.50665355,55.16799999999983,44.05333333333329,4042.327999999989,602.9373333333348,868.324666666666,46.36759999999983,52.875,2010
AZ,47851.84334763949,10.53980686695291,.091279272517677,.045444705,.50814283,55.16799999999961,44.05333333333402,4042.328000000085,602.9373333333195,868.3246666666747,46.36759999999988,52.875,2011
AZ,46556.82504388531,10.53042715038007,.0920196892709987,.040719327,.50836486,55.16800000000307,44.0533333333339,4042.327999999854,602.9373333333097,868.324666666673,46.36759999999834,52.875,2012
AZ,,,,,,55.16800000000166,44.05333333333366,4042.327999999927,602.9373333333123,868.3246666666316,46.36759999999874,52.875,2013
AZ,,,,,,55.16800000000008,44.05333333333329,4042.327999999984,602.937333333335,868.3246666666638,46.36759999999975,52.875,2014
CA,53903.78194297782,5.535929250264135,.1310731751319127,.028832527,.23650993,51.81568965516866,46.62741379310695,3759.870344827391,860.7068965517636,1172.266896551806,57.0525999999972,49.59289999999826,2006
CA,57222.59663250366,5.300878477305997,.1286154620534854,.037447855,.25382191,51.81568965517275,46.62741379310322,3759.87034482758,860.7068965517313,1172.266896551711,57.05260000000032,49.59290000000155,2007
CA,58054.72100313479,7.405015673981179,.1373287021156202,.025561765,.24049369,51.81568965517291,46.62741379310324,3759.870344827582,860.7068965517161,1172.266896551715,57.05260000000006,49.59289999999969,2008
CA,63251.97572815534,10.47588996763754,.1259838419221944,.041148439,.49723148,51.81568965517289,46.62741379310324,3759.870344827587,860.7068965517144,1172.266896551716,57.05259999999997,49.59289999999969,2009
CA,58061.52256033578,12.19538300104929,.0863533565522429,.055140398,.50621021,51.81568965517314,46.62741379310322,3759.870344827528,860.7068965517334,1172.266896551713,57.05260000000094,49.5929000000008,2010
CA,55848.80296296296,12.10829629629608,.0910712964004941,.060508642,.50425178,51.81568965517067,46.62741379310321,3759.870344827678,860.7068965517054,1172.266896551737,57.05259999999873,49.59290000000211,2011
CA,53837.8673772676,13.11423593317695,.0953558414504031,.068121858,.5059135,51.81568965518127,46.62741379311355,3759.870344827815,860.7068965518367,1172.266896551604,57.05259999999951,49.59289999999243,2012
CA,,,,,,51.81568965516827,46.62741379310879,3759.870344827358,860.7068965517842,1172.26689655175,57.05259999999689,49.59289999999663,2013
CA,,,,,,51.8156896551717,46.62741379310322,3759.87034482763,860.7068965517182,1172.266896551711,57.05259999999951,49.59290000000183,2014
CO,54581.73294908742,4.260326609029764,.0989392526290316,.015325364,.23553573,58.38656250000154,40.21453124999975,2559.585873015863,1213.388593749997,1781.212343750039,50.125,37.31160000000071,2006
CO,58990.94897959183,3.821938775510201,.0998681661083686,.017413599,.24493791,58.38656249999986,40.2145312499999,2559.585873015868,1213.388593749995,1781.212343749998,50.125,37.3116,2007
CO,63474.48484848485,4.299999999999997,.0893185227507293,.0041519287,.22725849,58.38656249999988,40.21453125000007,2559.585873015872,1213.388593750002,1781.212343749998,50.125,37.3116,2008
CO,46001.02409638554,8.249397590361447,.1330789392253003,.0095256744,.47479597,58.38656249999988,40.21453125000006,2559.585873015872,1213.388593750001,1781.212343749998,50.125,37.3116,2009
CO,53226.25490196078,8.782352941176478,.0750228901320667,.036014192,.49929002,58.38656249999986,40.21453124999989,2559.585873015868,1213.388593749995,1781.212343749998,50.125,37.3116,2010
CO,51135.35942028985,8.485217391304356,.0740433446415093,.02345575,.48471877,58.38656249999986,40.21453124999982,2559.585873015891,1213.388593750002,1781.212343750006,50.125,37.31160000000033,2011
CO,48992.43066061523,8.663187090267339,.0777233592025556,.03810646,.48447308,58.38656250000246,40.21453125000102,2559.585873015862,1213.388593750034,1781.212343750047,50.125,37.31160000000081,2012
CO,,,,,,58.38656250000236,40.2145312500004,2559.585873015831,1213.38859375003,1781.212343750046,50.125,37.31160000000079,2013
CO,,,,,,58.38656249999986,40.21453124999979,2559.5858730159,1213.388593750001,1781.21234375002,50.125,37.31160000000049,2014
CT,67344.77118644067,4.237288135593221,.0802892609736172,.056408219,.26748583,44.48875000000008,53.67249999999991,,1577.912500000003,1602.817500000003,75.0568999999998,69.58330000000005,2006
CT,66730.06790123456,4.598148148148146,.07806247210613,.047304947,.26642835,44.48875000000018,53.6724999999999,,1577.912500000004,1602.817500000003,75.05689999999974,69.58330000000011,2007
CT,69110.81538461539,5.830769230769223,.0917333990048904,.053560499,.2689313,44.48875000000027,53.67250000000016,,1577.912499999994,1602.817500000004,75.05689999999969,69.58329999999998,2008
CT,75465.33333333333,8.003703703703708,.0866902489905004,.11192925,.51116574,44.48874999999999,53.67249999999998,,1577.912499999999,1602.8175,75.05690000000003,69.58329999999995,2009
CT,66932.65454545454,9.138181818181817,.0519329000603069,.13327783,.51726079,44.48874999999999,53.67250000000001,,1577.912500000001,1602.8175,75.05690000000003,69.58329999999987,2010
CT,73170.33333333333,8.558333333333335,.045665057686468,.12027767,.51793444,44.48874999999999,53.67250000000001,,1577.9125,1602.8175,75.05690000000003,69.58329999999991,2011
CT,62199.959697733,9.561964735516428,.0533278183706611,.12055493,.51426405,44.48875000000033,53.6725000000003,,1577.912499999988,1602.817500000004,75.05689999999966,69.58329999999944,2012
CT,,,,,,44.48875000000003,53.67249999999994,,1577.912500000003,1602.817500000002,75.05689999999983,69.58330000000002,2013
CT,,,,,,44.48875000000005,53.67249999999994,,1577.912500000003,1602.817500000002,75.05689999999981,69.58330000000004,2014
DC,58553,7,.1609102636575699,.2926119,.32018006,9.340000000000002,89.18000000000004,6232.979999999998,1422.869999999999,5716.919999999999,,,2008
DC,58906,10.2,.1675774604082108,.5401938,.52795851,9.340000000000002,89.17999999999999,6232.98,1422.87,5716.919999999999,,,2009
DC,60729,10.1,.104267917573452,.52034909,.54140359,9.340000000000002,89.18000000000001,6232.98,1422.87,5716.919999999999,,,2010
DC,60729,10.1,.104267917573452,.52034909,.54140359,9.340000000000002,89.18000000000005,6232.979999999997,1422.869999999999,5716.919999999999,,,2011
DC,60729,10.10000000000001,.104267917573452,.52034909,.54140359,9.339999999999989,89.17999999999999,6232.979999999998,1422.87,5716.920000000001,,,2012
DC,,,,,,9.340000000000041,89.18000000000023,6232.979999999984,1422.869999999996,5716.919999999971,,,2013
DE,53020.44285714286,3.544285714285716,.1063113086989948,.10175285,.24978217,51.86000000000003,47.24666666666675,3848.570000000005,446.6599999999999,564.4399999999998,59.89739999999993,72.5625,2006
DE,48769.5,3.3,.1060844659805298,.096627101,.22271672,51.86000000000001,47.24666666666667,3848.57,446.6599999999999,564.4399999999998,59.89739999999998,72.5625,2007
DE,50436.81818181818,4.827272727272727,.1129388836297122,.092982233,.21381065,51.86000000000001,47.24666666666667,3848.57,446.6599999999999,564.4399999999997,59.89739999999998,72.5625,2008
DE,50024,8.099999999999998,.119877353310585,.13403063,.51107931,51.86000000000001,47.24666666666667,3848.57,446.6599999999999,564.4399999999997,59.89739999999998,72.5625,2009
DE,58571.74626865672,8.077611940298517,.0567465847663915,.23336482,.51904786,51.86000000000003,47.24666666666675,3848.570000000005,446.6599999999999,564.4399999999997,59.89739999999993,72.5625,2010
DE,50284.84246575343,7.941780821917805,.0694693939581718,.17081556,.52137274,51.85999999999987,47.24666666666683,3848.570000000002,446.6600000000017,564.4400000000011,59.89739999999988,72.5625,2011
DE,51149.84351620948,7.959289276807883,.0685102980830091,.18343727,.52158338,51.86000000000051,47.24666666666707,3848.570000000046,446.6600000000005,564.4399999999778,59.89740000000135,72.5625,2012
DE,,,,,,51.86000000000048,47.24666666666612,3848.569999999937,446.6599999999894,564.4399999999922,59.89740000000121,72.5625,2013
DE,,,,,,51.86000000000028,47.24666666666637,3848.570000000004,446.6600000000028,564.4400000000019,59.8974000000004,72.5625,2014
FL,47090.07054512139,3.181355932203399,.1153785752877422,.060790319,.20806129,59.51970149253629,39.67029850746484,3622.035223880725,741.7577611940634,953.9740298507251,46.90700000000194,10.34210000000036,2006
FL,44998.2507082153,4.086685552407921,.1292094330886437,.080842152,.2054161,59.51970149253666,39.67029850746258,3622.035223880604,741.7577611940243,953.9740298507537,46.90699999999947,10.3420999999999,2007
FL,45914.87,6.216599999999998,.1399815100133419,.073609047,.21181813,59.51970149253689,39.67029850746258,3622.035223880567,741.7577611940255,953.9740298507419,46.90699999999956,10.34209999999992,2008
FL,42944.76303317535,10.80995260663507,.1517629595870655,.14646314,.49835992,59.51970149253738,39.67029850746259,3622.035223880589,741.7577611940311,953.9740298507463,46.90699999999998,10.34210000000002,2009
FL,43183.92953929539,9.912601626016226,.0854458053997619,.19325034,.52144641,59.51970149253664,39.67029850746258,3622.035223880612,741.7577611940243,953.9740298507556,46.90699999999946,10.3420999999999,2010
FL,44036.25073746312,11.71356932153392,.0810298788028832,.12743032,.51309091,59.51970149253668,39.67029850746258,3622.035223880597,741.7577611940244,953.974029850752,46.90699999999947,10.3420999999999,2011
FL,42367.87755102041,11.08221574344019,.0956822481907839,.1963191,.51752055,59.51970149253649,39.67029850746329,3622.03522388066,741.7577611940235,953.9740298507672,46.9069999999994,10.34209999999988,2012
FL,,,,,,59.51970149253632,39.67029850746462,3622.035223880715,741.7577611940517,953.9740298507321,46.90700000000121,10.34210000000015,2013
FL,,,,,,59.51970149253737,39.67029850746259,3622.03522388059,741.7577611940314,953.9740298507465,46.90700000000001,10.34210000000002,2014
GA,42864.94232331438,4.8936636880585,.1633026319655047,.15093145,.2435545,62.9417610062897,36.53283018867875,3510.07401273876,570.4311949685543,920.9733962264232,43.18710000000073,14.18439999999998,2006
GA,50133.41199226306,4.630560928433265,.1428470722106024,.17277877,.23490761,62.94176100628898,36.53283018867906,3510.074012738872,570.4311949685542,920.9733962264146,43.18709999999952,14.18440000000008,2007
GA,51709.91181657848,6.136507936507907,.1529865852529199,.1507441,.22928435,62.9417610062892,36.53283018867894,3510.074012738769,570.4311949685571,920.9733962264146,43.18710000000055,14.18440000000009,2008
GA,42905.56041666667,10.52083333333335,.1804657406484087,.24239884,.50746983,62.94176100628903,36.53283018867896,3510.074012738871,570.4311949685523,920.9733962264146,43.18709999999955,14.18440000000008,2009
GA,46376.29457364341,10.57782945736432,.0925232771639676,.2771472,.51666152,62.94176100628884,36.53283018867929,3510.074012738858,570.4311949685593,920.9733962264147,43.18709999999945,14.18440000000008,2010
GA,44907.31291611185,10.79533954727033,.1074020004175236,.37734082,.51478773,62.94176100628876,36.53283018867942,3510.074012738829,570.4311949685622,920.9733962264146,43.18709999999942,14.18440000000008,2011
GA,41868.30030832477,11.36382322713228,.1020299226727111,.28171384,.51041704,62.94176100628994,36.53283018868096,3510.074012739121,570.4311949685299,920.9733962264096,43.18710000000276,14.18439999999871,2012
GA,,,,,,62.94176100628768,36.53283018867737,3510.074012738979,570.4311949685332,920.9733962264129,43.18709999999979,14.18439999999888,2013
GA,,,,,,62.94176100629181,36.53283018867798,3510.074012738721,570.4311949685425,920.9733962264621,43.18709999999994,14.18439999999936,2014
GU,0,0,0,0,.49144763,,,,,,,,2009
GU,0,0,0,0,.4928965,,,,,,,,2010
GU,0,0,0,0,.4928965,,,,,,,,2011
GU,0,0,0,0,.4928965,,,,,,,,2012
GU,,,,,,,,,,,,,2013
GU,,,,,,,,,,,,,2014
HI,67019,5.7,.0938083305954933,.041983355,.49408203,40.97750000000001,58.17,4860.3425,605.5124999999999,764.92,77.5729,68.84389999999999,2009
HI,67519,5.8,.0546668767929077,.02575621,.50373316,40.97750000000001,58.17,4860.3425,605.5124999999999,764.92,77.5729,68.84389999999999,2010
HI,67519,5.8,.0546668767929077,.02575621,.50373316,40.97750000000001,58.17,4860.3425,605.5124999999999,764.92,77.5729,68.84389999999999,2011
HI,67519,5.8,.0546668767929077,.02575621,.50373316,40.97750000000001,58.17,4860.3425,605.5124999999999,764.92,77.5729,68.84389999999999,2012
HI,,,,,,40.97750000000001,58.17,4860.3425,605.5124999999999,764.92,77.5729,68.84389999999999,2014
IA,44867.27227722772,3.679702970297034,.1049226047840006,.012284516,.2644251,53.73010101010108,45.35646464646439,1775.269797979812,953.4494949494884,1060.936363636358,49.79160000000019,68.91279999999931,2006
IA,47522.9,4.156666666666667,.0994178645312786,.011185415,.25246677,53.73010101010102,45.35646464646463,1775.269797979797,953.4494949494948,1060.936363636363,49.79160000000001,68.91280000000005,2007
IA,51085.57142857143,4.071428571428574,.1029950403209244,.014429622,.25858393,53.73010101010097,45.35646464646468,1775.269797979796,953.4494949494971,1060.936363636367,49.79159999999982,68.91280000000005,2008
IA,52454.84905660377,5.864150943396222,.1097762988142248,.0458184,.51013714,53.73010101010099,45.35646464646466,1775.269797979797,953.4494949494959,1060.936363636363,49.79160000000001,68.91280000000005,2009
IA,46701.38167938931,6.683969465648858,.0637653841999651,.027674029,.50590712,53.73010101010097,45.35646464646468,1775.269797979796,953.4494949494973,1060.936363636367,49.79159999999985,68.91280000000005,2010
IA,50227.59677419355,6.028225806451618,.0562258838645874,.023112843,.50467008,53.73010101010097,45.35646464646468,1775.269797979796,953.4494949494973,1060.936363636367,49.79159999999986,68.91280000000005,2011
IA,47930.8583106267,5.914168937329706,.0599784876653869,.027962584,.50117821,53.73010101010118,45.35646464646426,1775.269797979807,953.4494949494889,1060.93636363636,49.79160000000017,68.91279999999941,2012
IA,,,,,,53.73010101010097,45.35646464646467,1775.269797979796,953.4494949494971,1060.936363636366,49.79159999999992,68.91280000000005,2013
IA,,,,,,53.73010101010103,45.35646464646462,1775.269797979798,953.4494949494948,1060.936363636363,49.79160000000001,68.91280000000005,2014
ID,41616.27840909091,3.906818181818185,.1304754504764622,.0025235296,.23881552,73.13045454545455,25.4668181818182,2122.728863636366,743.2063636363609,783.9575000000008,33.84050000000001,20,2006
ID,39039,2,.1296140402555466,.0010042872,.22056973,73.13045454545453,25.46681818181817,2122.728863636363,743.2063636363637,783.9575000000002,33.84050000000001,20,2007
ID,43330.13953488372,6.197674418604652,.134827550587266,.0017436061,.22480923,73.13045454545453,25.46681818181818,2122.728863636365,743.2063636363637,783.9575000000002,33.84050000000001,20,2008
ID,40828,7.027272727272728,.1936090344732458,.0073057339,.51187104,73.13045454545453,25.46681818181818,2122.728863636363,743.2063636363637,783.9575000000003,33.84050000000001,20,2009
ID,38807.69863013698,8.764383561643838,.0994404860555309,.0056914622,.50925148,73.13045454545444,25.46681818181815,2122.728863636363,743.2063636363622,783.9574999999988,33.84049999999998,20,2010
ID,38306.33333333334,11.88113207547172,.0952328759356865,.0048928973,.4839876,73.13045454545451,25.46681818181823,2122.728863636364,743.2063636363611,783.9575000000011,33.84049999999998,20,2011
ID,41114.74355300859,8.208452722063011,.0843829730883198,.0036477039,.49553481,73.13045454545488,25.46681818181809,2122.728863636343,743.2063636363603,783.9575000000075,33.84049999999963,20,2012
ID,,,,,,73.13045454545478,25.46681818181804,2122.728863636373,743.2063636363605,783.9574999999963,33.84050000000013,20,2013
ID,,,,,,73.13045454545453,25.46681818181817,2122.728863636366,743.206363636363,783.9574999999994,33.84050000000001,20,2014
IL,52747.10694964627,4.419434040782355,.1131981408957561,.052554172,.26084873,57.64254901960896,41.61509803921336,,816.9928431372962,873.9360784313324,61.5897999999997,85.06609999999696,2006
IL,49719.16194331984,5.342105263157881,.1394445609286246,.088545457,.27576384,57.64254901960756,41.61509803921577,,816.9928431372588,873.9360784313752,61.58979999999983,85.06610000000001,2007
IL,55781.90492359932,6.538200339558587,.1221370927685894,.070452727,.26200908,57.64254901960807,41.61509803921579,,816.9928431372509,873.9360784313754,61.58980000000077,85.06609999999877,2008
IL,55288.10424710425,9.916988416988426,.1258224949931086,.13782732,.50448477,57.64254901960753,41.61509803921577,,816.9928431372592,873.9360784313752,61.58979999999983,85.06610000000001,2009
IL,52097.09875141885,10.50794551645859,.0770563501314969,.19177531,.51448339,57.64254901960712,41.61509803921541,,816.9928431372471,873.9360784313569,61.58980000000103,85.06609999999797,2010
IL,60524.84356435644,10.68217821782177,.0550831224990658,.095736437,.50627625,57.64254901960808,41.61509803921579,,816.992843137253,873.9360784313754,61.58980000000064,85.06609999999917,2011
IL,50487.48636189013,10.25074913561288,.066999951409712,.095933937,.50633007,57.64254901960811,41.61509803921327,,816.9928431372974,873.9360784313492,61.58979999999872,85.06609999999692,2012
IL,,,,,,57.6425490196089,41.61509803921372,,816.992843137278,873.9360784313365,61.5898000000013,85.06609999999715,2013
IL,,,,,,57.6425490196078,41.61509803921579,,816.9928431372499,873.936078431371,61.58980000000084,85.06609999999854,2014
IN,45952.82295988935,5.034993084370639,.1216327500898424,.038883973,.2617538,64.82652173913083,34.34434782608837,2982.768101265715,837.5334782609054,984.3448913043679,49.41929999999829,18.33499999999932,2006
IN,49176.62209302326,4.413372093023255,.115485486899351,.018619461,.26209873,64.82652173913067,34.34434782608697,2982.768101265828,837.5334782608684,984.3448913043511,49.41929999999979,18.33500000000003,2007
IN,48926.68,5.951200000000006,.1214238025397062,.034387469,.2589035,64.82652173913073,34.34434782608697,2982.76810126581,837.5334782608643,984.344891304352,49.41929999999972,18.33500000000003,2008
IN,43752.67509025271,10.87942238267148,.1389454289974934,.062005568,.50607663,64.82652173913074,34.34434782608697,2982.768101265806,837.5334782608634,984.3448913043511,49.4192999999997,18.33500000000003,2009
IN,45606.49450549451,10.3398351648352,.063991616920128,.060810901,.50673616,64.82652173913075,34.34434782608697,2982.768101265802,837.5334782608614,984.3448913043449,49.41929999999984,18.33500000000003,2010
IN,44851.00337268128,10.86172006745361,.0643734299557356,.046770465,.50566393,64.8265217391308,34.34434782608732,2982.768101265835,837.5334782608591,984.344891304343,49.41930000000043,18.33499999999981,2011
IN,43657.74012662044,10.78396141091383,.066927117538993,.069569491,.50507975,64.82652173913083,34.34434782608852,2982.768101265694,837.5334782609284,984.3448913042926,49.41929999999977,18.33499999999925,2012
IN,,,,,,64.82652173913083,34.34434782608822,2982.768101265739,837.5334782608797,984.3448913043678,49.41929999999993,18.33499999999939,2013
IN,,,,,,64.82652173913074,34.34434782608697,2982.768101265806,837.5334782608634,984.3448913043509,49.4192999999997,18.33500000000003,2014
KS,42063.73180076628,4.55134099616859,.1258461633804201,.024792952,.26151413,71.87619047619022,26.6698095238096,2572.242190476193,1189.088666666667,1337.615904761903,33.46759999999995,45,2006
KS,40408.36486486487,4.547297297297296,.1342923357277303,.034916684,.26200187,71.87619047619044,26.66980952380954,2572.242190476189,1189.088666666664,1337.615904761904,33.46759999999996,45,2007
KS,44826.23214285714,4.370535714285718,.1320704839059285,.024072483,.25972477,71.87619047619044,26.66980952380949,2572.242190476191,1189.088666666664,1337.615904761904,33.46759999999995,45,2008
KS,42144.17757009346,8.211214953271019,.1680903135337562,.15777081,.50819343,71.87619047619044,26.66980952380949,2572.24219047619,1189.088666666664,1337.615904761904,33.46759999999995,45,2009
KS,45716.87583892617,6.5231543624161,.0690264183052834,.038212392,.49889484,71.87619047619002,26.66980952380963,2572.242190476188,1189.088666666665,1337.615904761901,33.46759999999995,45,2010
KS,43421.49032258065,7.41612903225806,.0770654942960508,.0589961,.50394827,71.87619047619044,26.66980952380946,2572.242190476198,1189.088666666668,1337.615904761907,33.46759999999995,45,2011
KS,45048.49704142012,6.789940828402358,.0758625391569481,.034440175,.49973518,71.87619047618982,26.66980952380971,2572.242190476198,1189.088666666658,1337.615904761908,33.46759999999995,45,2012
KS,,,,,,71.87619047619044,26.6698095238095,2572.24219047619,1189.088666666665,1337.615904761905,33.46759999999997,45,2013
KS,,,,,,71.87619047619044,26.66980952380952,2572.242190476192,1189.088666666667,1337.615904761904,33.46759999999998,45,2014
KY,45058.06720160481,5.002607823470359,.1237992899288744,.048198193,.26579684,62.35066666666573,36.92258333333307,1706.633451327445,279.1305833333379,463.3963333333369,41.17490000000034,27.02019999999985,2006
KY,52882.2,4.98,.1104519441723824,.059851594,.24974155,62.3506666666667,36.92258333333336,1706.633451327434,279.1305833333334,463.3963333333337,41.17489999999999,27.02020000000001,2007
KY,47119.61956521739,5.881521739130437,.1358793902656306,.03950749,.26070714,62.35066666666658,36.92258333333337,1706.633451327432,279.1305833333329,463.3963333333332,41.17489999999999,27.02019999999997,2008
KY,45080.83333333334,10.50714285714284,.1440215987109003,.13141657,.51057917,62.3506666666666,36.92258333333336,1706.633451327433,279.130583333333,463.3963333333334,41.17489999999999,27.02019999999997,2009
KY,45568.66666666666,10.69890710382514,.0807320751209077,.068274096,.50813323,62.35066666666667,36.92258333333324,1706.63345132743,279.1305833333323,463.3963333333335,41.17489999999999,27.02019999999995,2010
KY,46389.06673511294,9.138501026693989,.0743424694686822,.089280009,.51240885,62.35066666666575,36.92258333333307,1706.633451327445,279.1305833333383,463.3963333333368,41.17490000000039,27.02019999999987,2011
KY,43718.14564564564,10.25371621621634,.0915727672676133,.068538263,.50750232,62.3506666666655,36.92258333333304,1706.633451327358,279.1305833333249,463.3963333333373,41.17489999999898,27.02019999999933,2012
KY,,,,,,62.35066666666558,36.92258333333305,1706.633451327383,279.1305833333294,463.3963333333372,41.17489999999945,27.02019999999951,2013
KY,,,,,,62.35066666666589,36.92258333333309,1706.633451327444,279.1305833333367,463.3963333333365,41.17490000000077,27.02020000000021,2014
LA,39028.76923076923,3.692642140468223,.1778042194336952,.14198974,.27223226,59.23390624999967,39.47015624999997,3525.637499999981,410.1243749999995,897.1193750000036,44.25380000000027,88.66670000000052,2006
LA,39131.79819277109,4.215060240963864,.1922141849231648,.1811175,.27508929,59.23390624999966,39.47015624999992,3525.637499999978,410.124375,897.1193750000042,44.25380000000028,88.66670000000062,2007
LA,42454.53255425709,4.518530884808017,.1749050290586554,.14885838,.27526751,59.2339062499999,39.47015625000029,3525.637499999968,410.1243750000062,897.1193750000064,44.25379999999965,88.66670000000104,2008
LA,44288.07692307692,6.21355311355314,.1655001161353929,.39543846,.5128268,59.23390624999968,39.47015625000001,3525.637499999983,410.1243749999995,897.1193750000032,44.25380000000025,88.6667000000004,2009
LA,45745.54822335026,7.125126903553288,.1033515114204835,.39680278,.51713568,59.23390624999965,39.47015624999985,3525.637499999974,410.1243750000022,897.119375000005,44.2538000000002,88.66670000000077,2010
LA,42699.93103448276,9.498275862068962,.1185061678547284,.29298973,.50383371,59.23390625000001,39.47015624999995,3525.637500000003,410.1243749999996,897.1193750000003,44.25379999999996,88.66670000000005,2011
LA,40329.05291005291,8.102645502645473,.1176966893399624,.37527898,.51611704,59.23390624999971,39.47015625000022,3525.637499999968,410.1243750000058,897.1193750000064,44.25379999999971,88.66670000000101,2012
LA,,,,,,59.23390624999968,39.47015625000006,3525.637499999986,410.1243749999995,897.1193750000026,44.25380000000025,88.6667000000003,2013
LA,,,,,,59.2339062499999,39.47015624999995,3525.637500000006,410.1243749999996,897.1193749999995,44.25379999999996,88.66669999999995,2014
MA,61777.34693877551,4.99944341372912,.087911769091143,.022668282,.26996183,34.81428571428597,63.85857142857206,2818.727142857153,1612.714999999994,1691.232142857153,79.60599999999978,68.40019999999963,2006
MA,68358.39285714286,4.414285714285716,.0845029028132558,.020229448,.26919889,34.8142857142857,63.8585714285714,2818.727142857141,1612.714999999999,1691.232142857144,79.60599999999999,68.40020000000003,2007
MA,56992.925,5.544999999999998,.1381070695817471,.08564195,.28440222,34.8142857142857,63.85857142857141,2818.727142857141,1612.714999999998,1691.232142857144,79.60599999999992,68.40020000000003,2008
MA,63956.11111111111,8.833333333333334,.1017093516679274,.061095346,.5135386,34.8142857142857,63.85857142857141,2818.727142857141,1612.714999999999,1691.232142857144,79.60599999999994,68.40020000000003,2009
MA,66382.30612244898,7.446938775510211,.0529746186672425,.068171613,.51906765,34.8142857142857,63.8585714285714,2818.727142857141,1612.714999999998,1691.232142857145,79.6059999999999,68.40020000000003,2010
MA,54177.93684210526,9.862105263157899,.0700968812955053,.093389072,.51874566,34.8142857142857,63.8585714285714,2818.727142857151,1612.715000000001,1691.232142857142,79.60599999999981,68.40020000000003,2011
MA,67400.59945130316,8.184910836762747,.0495009890390849,.056600917,.5187313,34.81428571428566,63.85857142857224,2818.727142857154,1612.714999999999,1691.232142857137,79.60599999999978,68.40019999999879,2012
MA,,,,,,34.81428571428598,63.85857142857166,2818.727142857153,1612.715000000009,1691.232142857149,79.60599999999978,68.40020000000003,2013
MA,,,,,,34.8142857142857,63.85857142857154,2818.72714285715,1612.714999999997,1691.232142857138,79.60599999999982,68.40020000000003,2014
MD,66905.19968178202,3.918695306284797,.0791640182632535,.14174519,.2468605,54.73000000000116,44.17833333333478,3429.842499999919,854.949583333332,1442.22916666669,64.94560000000062,55.53119999999899,2006
MD,60815.99305555555,3.604513888888903,.0745141378784966,.098907426,.26656801,54.72999999999968,44.17833333333329,3429.84250000002,854.9495833333348,1442.229166666671,64.9455999999995,55.5311999999998,2007
MD,68800.66231647634,4.718433931484497,.0750494715355057,.30246112,.28824267,54.72999999999971,44.17833333333329,3429.842500000024,854.9495833333348,1442.229166666655,64.94559999999929,55.53120000000042,2008
MD,72402.21153846153,7.442307692307693,.0947346539738087,.19119421,.50785112,54.73000000000001,44.17833333333329,3429.842499999999,854.9495833333343,1442.229166666667,64.9456,55.53119999999993,2009
MD,54942.15384615384,9.776923076923079,.0997342802584171,.56172138,.5251292,54.73000000000001,44.17833333333329,3429.842499999999,854.9495833333336,1442.229166666667,64.9456,55.53119999999998,2010
MD,58612.28,9.760000000000026,.0734456995967776,.27400941,.5146181,54.72999999999973,44.17833333333329,3429.842500000017,854.9495833333348,1442.229166666665,64.94559999999967,55.53119999999996,2011
MD,70694.64673913043,8.327173913043492,.0582198358100394,.3135581,.51895374,54.72999999999975,44.17833333333329,3429.842500000016,854.9495833333348,1442.229166666663,64.94559999999973,55.5312,2012
MD,,,,,,54.73000000000135,44.1783333333347,3429.842499999911,854.9495833333348,1442.229166666688,64.94560000000041,55.53119999999904,2013
MD,,,,,,54.72999999999986,44.17833333333329,3429.842500000008,854.9495833333347,1442.229166666666,64.9456,55.53120000000008,2014
ME,44427.42803030303,4.510606060606063,.1196382072556651,.0037459591,.25891277,45.79500000000006,52.21937500000016,2359.166874999996,1447.895000000003,1486.432499999996,77.96909999999981,88.59509999999982,2006
ME,43688.125,5.224999999999999,.1256752962246537,.0026229604,.257817,45.79500000000002,52.21937499999996,2359.166874999999,1447.894999999999,1486.432500000001,77.96909999999994,88.5951,2007
ME,43781.69387755102,6.008163265306121,.1275553499557534,.0035189961,.26979682,45.79500000000004,52.21937499999997,2359.166874999997,1447.895,1486.432499999998,77.96910000000007,88.59510000000023,2008
ME,45079.86111111111,7.958333333333329,.1204372629937198,.013440647,.51213539,45.79500000000002,52.21937499999996,2359.166875,1447.894999999999,1486.432500000001,77.96909999999997,88.5951,2009
ME,41451.28205128205,9.046153846153846,.0803599727268402,.0099790571,.50790709,45.79500000000004,52.21937500000004,2359.166874999998,1447.895000000001,1486.432499999999,77.96910000000003,88.59510000000017,2010
ME,40500.67741935484,9.528387096774201,.0798811488093868,.0065307296,.50625825,45.79500000000006,52.21937499999986,2359.166874999996,1447.894999999997,1486.432499999997,77.96910000000014,88.59510000000031,2011
ME,42896.79173553719,8.750413223140505,.0778355996286081,.008541096,.50892079,45.79499999999933,52.2193750000004,2359.166875000027,1447.895000000012,1486.432499999996,77.96910000000015,88.59509999999915,2012
ME,,,,,,45.79500000000004,52.21937500000027,2359.166874999996,1447.895000000007,1486.432499999996,77.96909999999944,88.5950999999995,2013
ME,,,,,,45.79500000000004,52.21937499999995,2359.166874999997,1447.895,1486.432499999998,77.96910000000008,88.59510000000024,2014
MI,47433.90287162162,7.063091216216176,.1279103263954607,.052616425,.26336607,54.09999999999898,44.80927710843388,2585.551686746999,699.3240963855342,726.3540963855356,56.17079999999999,62.27470000000054,2006
MI,45100.08421052631,6.734736842105266,.1635105590679144,.063244417,.29338375,54.10000000000001,44.8092771084338,2585.551686746992,699.3240963855421,726.3540963855415,56.1707999999999,62.27469999999995,2007
MI,45448.07654320988,8.798518518518502,.1513270887879678,.074491844,.26832467,54.09999999999982,44.80927710843386,2585.551686746998,699.324096385539,726.3540963855388,56.17079999999988,62.27470000000058,2008
MI,44086.89115646258,13.72925170068029,.1608092522844165,.1132905,.50760233,54.10000000000014,44.80927710843383,2585.551686746995,699.3240963855396,726.354096385544,56.17079999999989,62.27469999999995,2009
MI,44753.42408376963,12.0764397905759,.080458557467264,.11429416,.50895888,54.10000000000019,44.80927710843384,2585.551686746996,699.3240963855386,726.3540963855443,56.17079999999989,62.27469999999995,2010
MI,49418.29781420765,12.532650273224,.0634384020740584,.10118839,.51089078,54.09999999999925,44.80927710843387,2585.551686746999,699.3240963855502,726.3540963855366,56.17079999999988,62.2747000000011,2011
MI,49825.68859813084,12.99693457943956,.064472339819316,.10924062,.50975287,54.10000000000152,44.80927710843388,2585.551686746999,699.3240963854937,726.3540963856193,56.17080000000107,62.27470000000465,2012
MI,,,,,,54.10000000000273,44.80927710843388,2585.551686746999,699.3240963855699,726.3540963855885,56.17080000000207,62.2747000000003,2013
MI,,,,,,54.09999999999899,44.80927710843388,2585.551686746999,699.3240963855346,726.3540963855356,56.17079999999989,62.27470000000062,2014
MN,50121.68327702703,4.251773648648677,.1084160387289484,.015448881,.25855649,52.66379310344892,45.85126436781688,2343.414827586163,805.3317241379131,837.4217241379429,58.04649999999845,38.77169999999959,2006
MN,53079.97575757575,4.792848484848495,.1025129049113302,.019822182,.25729796,52.66379310344876,45.85126436781611,2343.414827586168,805.3317241379264,837.4217241379326,58.04649999999919,38.77170000000041,2007
MN,52263.50261324042,5.602613240418154,.1148546641231726,.023307011,.26823586,52.6637931034489,45.85126436781682,2343.414827586163,805.3317241379141,837.4217241379422,58.0464999999985,38.77169999999965,2008
MN,49226.3076923077,7.296153846153846,.103363051580695,.012231668,.50320882,52.66379310344833,45.85126436781608,2343.414827586209,805.3317241379308,837.4217241379308,58.04649999999996,38.7717,2009
MN,51150.40540540541,7.64864864864865,.0673923862947,.079504922,.51296598,52.66379310344831,45.85126436781609,2343.414827586209,805.3317241379301,837.4217241379311,58.04649999999997,38.7717,2010
MN,53520.81756756757,7.586486486486485,.0566811014621242,.043208279,.50763327,52.66379310344835,45.85126436781599,2343.414827586209,805.3317241379294,837.4217241379338,58.04650000000017,38.77169999999999,2011
MN,55941.27718550107,7.166950959488297,.0552738232812139,.050372649,.50723749,52.66379310344836,45.85126436781607,2343.414827586179,805.3317241379368,837.4217241379265,58.04650000000031,38.77169999999985,2012
MN,,,,,,52.66379310344825,45.85126436781598,2343.414827586209,805.33172413793,837.4217241379342,58.0465000000002,38.77170000000003,2013
MN,,,,,,52.6637931034483,45.85126436781608,2343.414827586209,805.3317241379301,837.4217241379313,58.04649999999998,38.7717,2014
MO,37703.775,5.279999999999998,.1490184772759676,.019895239,.24263686,61.9712173913044,37.32469565217389,2638.216521739131,489.2946086956523,715.2546956521736,47.60069999999997,11.31169999999999,2006
MO,39906.25,4.766666666666667,.1404406999548276,.021056144,.24038886,61.97121739130438,37.32469565217389,2638.216521739131,489.2946086956526,715.2546956521742,47.60069999999997,11.3117,2007
MO,52823.2783171521,5.046925566343059,.0969196946441549,.037934221,.24184319,61.97121739130433,37.32469565217419,2638.216521739143,489.2946086956529,715.254695652171,47.60070000000037,11.31170000000007,2008
MO,45108.63157894737,9.485964912280698,.1421986606560255,.1204474,.50566179,61.97121739130441,37.32469565217389,2638.216521739133,489.2946086956518,715.2546956521742,47.60069999999997,11.31169999999998,2009
MO,42668.35135135135,9.145945945945948,.0790674751372756,.060001176,.50765347,61.97121739130437,37.32469565217389,2638.216521739135,489.2946086956516,715.2546956521746,47.60069999999997,11.31169999999998,2010
MO,42761.7003257329,9.484364820846896,.0800278928337152,.086650595,.5135408,61.97121739130434,37.32469565217418,2638.216521739143,489.2946086956529,715.254695652171,47.60070000000036,11.31170000000007,2011
MO,42679.78033794163,9.260266257040451,.0827738788194432,.059938867,.50534689,61.97121739130259,37.32469565217491,2638.216521739052,489.2946086956634,715.2546956521984,47.6006999999995,11.31169999999971,2012
MO,,,,,,61.97121739130518,37.32469565217372,2638.216521739074,489.2946086956616,715.2546956521697,47.60070000000066,11.31170000000016,2013
MO,,,,,,61.97121739130421,37.32469565217396,2638.216521739139,489.2946086956513,715.2546956521734,47.60069999999997,11.31169999999998,2014
MS,37396.09565217391,6.86782608695651,.1989361417898233,.19027612,.27068692,56.86121951219608,42.23524390243958,3488.977164179089,497.5197560975616,537.1432926829282,37.7972000000006,40.3778999999997,2006
MS,39874.46666666667,6.193333333333332,.2172340859969457,.18164037,.25633696,56.86121951219511,42.23524390243902,3488.977164179102,497.5197560975611,537.1432926829273,37.79719999999998,40.37789999999997,2007
MS,39849.71578947368,7.138947368421052,.1944838871297083,.17394295,.25245824,56.86121951219504,42.23524390243895,3488.977164179104,497.51975609756,537.1432926829275,37.79719999999998,40.37789999999996,2008
MS,40633.71111111111,9.302222222222223,.1772331024209658,.29750589,.4948498,56.86121951219506,42.23524390243898,3488.977164179104,497.5197560975611,537.1432926829268,37.79719999999998,40.37789999999996,2009
MS,37398.15789473684,10.8578947368421,.1144727468490601,.40148431,.52168047,56.86121951219511,42.23524390243902,3488.977164179102,497.5197560975611,537.1432926829273,37.79719999999998,40.37789999999997,2010
MS,37331.90909090909,10.78181818181818,.1017900996587493,.26852772,.5147596,56.86121951219509,42.23524390243902,3488.977164179102,497.5197560975611,537.1432926829272,37.79719999999998,40.37789999999997,2011
MS,47928.81690140845,7.61596244131458,.074561684116931,.25832734,.52336508,56.86121951219503,42.23524390243902,3488.977164179095,497.5197560975614,537.1432926829285,37.79719999999998,40.37790000000015,2012
MS,,,,,,56.86121951219506,42.23524390243898,3488.977164179104,497.5197560975611,537.1432926829268,37.79719999999998,40.37789999999996,2013
MS,,,,,,56.8612195121951,42.23524390243902,3488.977164179102,497.5197560975611,537.1432926829273,37.79719999999998,40.37789999999997,2014
MT,40213.29908972692,3.21287386215866,.132719256255112,.0016541542,.24815485,65.83125000000069,31.95482142857145,1934.797142857154,936.8089285714173,947.0182142857208,54.4709999999999,73.14540000000082,2006
MT,39408.53333333333,3.286666666666667,.1825273156166077,.0012883493,.26098117,65.83124999999997,31.95482142857144,1934.797142857142,936.8089285714292,947.0182142857146,54.471,73.14539999999994,2007
MT,43046.69444444445,3.341666666666667,.1224631381531556,.0012218531,.25463846,65.83125,31.95482142857144,1934.797142857142,936.8089285714294,947.0182142857149,54.471,73.14539999999994,2008
MT,37918.4,4.713333333333333,.1508591582377752,.0038711946,.48910517,65.83124999999997,31.95482142857144,1934.797142857143,936.8089285714286,947.018214285714,54.471,73.14540000000001,2009
MT,42084.15,5.825000000000001,.0995189279317856,.0046768473,.49963295,65.83124999999997,31.95482142857144,1934.797142857143,936.8089285714286,947.0182142857142,54.47099999999999,73.14539999999997,2010
MT,40460.17647058824,5.932352941176469,.0919132769546088,.011843631,.49095848,65.83124999999998,31.95482142857144,1934.797142857142,936.8089285714294,947.0182142857147,54.471,73.14539999999994,2011
MT,38550.60465116279,6.955813953488375,.0985127210747017,.0059291255,.48481166,65.83124999999959,31.95482142857145,1934.79714285714,936.8089285714277,947.0182142857184,54.47099999999988,73.14540000000029,2012
MT,,,,,,65.83125000000005,31.95482142857145,1934.797142857144,936.8089285714298,947.0182142857151,54.471,73.14539999999991,2013
MT,,,,,,65.83124999999997,31.95482142857142,1934.797142857143,936.8089285714286,947.018214285714,54.471,73.1454,2014
NC,41226.95360824742,5.032474226804108,.1503614420633604,.10029785,.24980459,57.67500000000148,41.94200000000077,3861.689898990006,539.732599999991,713.6202000000043,52.53919999999936,84.37579999999824,2006
NC,43294.1203539823,4.745663716814161,.1442056337948394,.0923163,.23926966,57.6749999999995,41.94199999999941,3861.689898989882,539.7325999999945,713.6202000000037,52.5391999999995,84.37580000000099,2007
NC,44131.85797101449,6.837971014492751,.1489269093110941,.078416936,.23488182,57.67499999999964,41.94199999999962,3861.689898989881,539.7325999999981,713.620200000003,52.53919999999967,84.37580000000059,2008
NC,41661.03118040089,9.435189309576847,.1791542718863169,.2606259,.51452368,57.67499999999956,41.9419999999995,3861.689898989876,539.732599999996,713.6202000000034,52.53919999999957,84.37580000000082,2009
NC,44759.20325203252,10.71138211382114,.0878199616038218,.22609848,.52136981,57.67500000000017,41.94200000000001,3861.689898989908,539.7326000000016,713.6201999999997,52.53920000000015,84.37579999999981,2010
NC,42984.05454545454,10.87090909090909,.0924749574877999,.25709283,.52155268,57.67500000000015,41.94200000000001,3861.6898989899,539.7326000000003,713.6201999999984,52.53920000000013,84.37579999999981,2011
NC,46126.03802672148,10.0405960945529,.0823615618080728,.18097273,.52053487,57.67500000000091,41.942,3861.689898989971,539.732599999992,713.6202000000042,52.5391999999994,84.37579999999978,2012
NC,,,,,,57.67500000000179,41.94200000000045,3861.689898990026,539.7325999999904,713.6202000000044,52.53919999999934,84.37579999999895,2013
NC,,,,,,57.67500000000017,41.94200000000001,3861.689898989906,539.7326000000014,713.6201999999989,52.53920000000015,84.37579999999981,2014
ND,44291.30633802817,3.137499999999982,.1000997337552024,.0025904414,.26787588,63.7149056603772,34.54339622641457,1268.707954545464,927.1028301886864,987.7184905660241,66.02130000000028,20.14569999999977,2006
ND,49854.35714285714,3.221428571428572,.0907460057309696,.0015479674,.25178626,63.71490566037736,34.5433962264151,1268.707954545454,927.1028301886794,987.7184905660373,66.0213,20.1457,2007
ND,51940.83333333334,2.890740740740742,.0915460342334376,.0016118489,.25219047,63.71490566037743,34.5433962264151,1268.707954545454,927.1028301886786,987.7184905660378,66.02129999999991,20.14570000000001,2008
ND,57444,4.1,.0756574459373951,.0040497966,.50100219,63.71490566037737,34.5433962264151,1268.707954545454,927.1028301886791,987.7184905660372,66.0213,20.1457,2009
ND,49626.68243243243,3.647297297297299,.0700391035627674,.0091734072,.50154573,63.7149056603775,34.5433962264151,1268.70795454545,927.1028301886803,987.7184905660389,66.02130000000015,20.14570000000002,2010
ND,43946.8275862069,3.972413793103448,.0768209603326074,.01286162,.49764144,63.71490566037734,34.5433962264151,1268.707954545454,927.1028301886797,987.7184905660368,66.02129999999994,20.14569999999999,2011
ND,47825.625,4.108333333333335,.0713787539640353,.01274881,.50046664,63.71490566037751,34.5433962264151,1268.707954545449,927.1028301886789,987.718490566039,66.02130000000018,20.14570000000003,2012
ND,,,,,,63.71490566037751,34.5433962264151,1268.707954545449,927.102830188679,987.718490566039,66.02130000000017,20.14570000000003,2013
ND,,,,,,63.71490566037736,34.5433962264151,1268.707954545454,927.1028301886794,987.7184905660373,66.0213,20.1457,2014
NE,40453.71111111111,3.026666666666668,.1206854909658432,.0044019367,.24792749,75.06010752688177,23.60623655913979,1650.390609756098,1260.895376344087,1525.053763440861,30.507,16.875,2006
NE,42781.16666666666,2.883333333333333,.1048659632603327,.00094105513,.25949401,75.06010752688172,23.60623655913979,1650.390609756098,1260.895376344086,1525.05376344086,30.507,16.875,2007
NE,46989.12380952381,3.515238095238093,.1153877855766387,.017718006,.25823796,75.06010752688162,23.60623655913973,1650.390609756101,1260.895376344084,1525.053763440859,30.50700000000003,16.875,2008
NE,46137.95,4.500000000000002,.1249246390536427,.021524087,.4993076,75.06010752688175,23.6062365591398,1650.390609756098,1260.895376344087,1525.053763440861,30.50699999999999,16.875,2009
NE,44251,3.888888888888889,.0635665295024713,.014486541,.48784736,75.06010752688172,23.60623655913979,1650.390609756098,1260.895376344086,1525.05376344086,30.507,16.875,2010
NE,43087.625,5.812500000000001,.0693809280637652,.02840038,.49927008,75.06010752688169,23.60623655913979,1650.390609756098,1260.895376344086,1525.053763440861,30.507,16.875,2011
NE,50896.21830985916,5.391549295774636,.0633794488778836,.069339432,.50915337,75.06010752688178,23.60623655913972,1650.390609756104,1260.895376344087,1525.053763440862,30.50700000000002,16.875,2012
NE,,,,,,75.06010752688096,23.60623655914013,1650.39060975611,1260.895376344093,1525.053763440839,30.50700000000005,16.875,2013
NE,,,,,,75.06010752688172,23.60623655913979,1650.390609756098,1260.895376344086,1525.05376344086,30.507,16.875,2014
NH,59343.10483870967,3.372580645161292,.0787449283224921,.0043386617,.24612932,47.81900000000011,51.21600000000008,2075.105000000005,1382.354,1404.489000000001,40.7178,46.2595000000001,2006
NH,63455.5,3.45,.0581507328897715,.0038753627,.25119808,47.81900000000001,51.216,2075.105,1382.354,1404.489,40.7178,46.2595,2007
NH,66148.58959537573,3.790173410404631,.073110316099459,.0047247126,.24851753,47.81900000000019,51.21600000000015,2075.104999999998,1382.353999999998,1404.489000000001,40.7178000000001,46.2595000000001,2008
NH,54420.75,5.675000000000001,.0965709649026394,.011551341,.50706315,47.81900000000001,51.216,2075.105,1382.354,1404.489,40.7178,46.2595,2009
NH,57336.25,5.95,.0504654468968511,.012581303,.50789475,47.81900000000001,51.216,2075.105,1382.354,1404.489,40.7178,46.2595,2010
NH,56874.09615384616,6.346153846153844,.0475374239568527,.0074310317,.50881112,47.81899999999997,51.21599999999994,2075.104999999999,1382.354,1404.489000000001,40.71779999999995,46.25950000000007,2011
NH,65212.7801268499,6.398308668076131,.0408439380106916,.0085270377,.50468683,47.81899999999976,51.21600000000027,2075.104999999988,1382.354000000006,1404.488999999989,40.71779999999999,46.25950000000011,2012
NH,,,,,,47.8189999999999,51.21600000000024,2075.104999999991,1382.353999999995,1404.489000000001,40.71780000000021,46.2595000000001,2013
NH,,,,,,47.81899999999998,51.21599999999994,2075.105,1382.354,1404.489000000001,40.71779999999995,46.25950000000006,2014
NJ,53885.85561497326,5.226737967914434,.1203302197596606,.07796789,.26852486,48.30619047619051,50.76476190476178,2774.169047619071,1929.508571428586,1958.593333333342,62.89489999999958,88.51559999999955,2006
NJ,100089,2.9,.0358876846730709,.012585269,.24101266,48.3061904761905,50.76476190476189,2774.169047619046,1929.508571428571,1958.593333333333,62.89489999999994,88.51560000000006,2007
NJ,72669.44008714597,5.421132897603481,.0818459556918908,.07327237,.26067552,48.30619047619022,50.76476190476149,2774.169047619055,1929.508571428588,1958.593333333349,62.89489999999953,88.51559999999941,2008
NJ,54657.74074074074,11.09259259259259,.0993360678354899,.14137384,.51635969,48.30619047619052,50.76476190476189,2774.169047619047,1929.508571428572,1958.593333333333,62.89489999999996,88.51560000000012,2009
NJ,56924,10.2,.0471623800694942,.034620434,.52326614,48.3061904761905,50.76476190476189,2774.169047619046,1929.508571428571,1958.593333333333,62.89489999999994,88.51560000000006,2010
NJ,63472.3076923077,9.719230769230766,.0470989532052324,.080211766,.5206551,48.30619047619048,50.76476190476191,2774.169047619044,1929.508571428571,1958.593333333334,62.89489999999989,88.51560000000011,2011
NJ,64085.63963963964,9.986486486486498,.0466726668648892,.06840118,.51798409,48.30619047619049,50.76476190476199,2774.169047619043,1929.508571428569,1958.59333333333,62.89490000000002,88.51560000000006,2012
NJ,,,,,,48.30619047619044,50.76476190476188,2774.169047619054,1929.508571428547,1958.593333333319,62.89489999999943,88.51559999999913,2013
NJ,,,,,,48.30619047619064,50.76476190476203,2774.169047619061,1929.508571428583,1958.593333333329,62.89489999999967,88.51559999999979,2014
NM,43376.85714285714,3.59047619047619,.1826910177866618,.0099393111,.23176308,54.60939393939394,44.35515151515153,3760.1028125,339.6390909090908,579.4599999999997,60.28520000000002,91.99049999999995,2007
NM,33209.5,6.987500000000001,.2448644265532494,.010201715,.21794087,54.60939393939395,44.35515151515152,3760.102812500001,339.639090909091,579.4599999999999,60.28520000000002,91.9905,2008
NM,44647.06666666667,6.926666666666668,.1554456838303142,.039217237,.50702947,54.60939393939393,44.35515151515148,3760.102812500001,339.6390909090911,579.4599999999995,60.28519999999997,91.99049999999993,2009
NM,47405,8.100000000000014,.0889962762594223,.034460068,.51596224,54.609393939394,44.35515151515154,3760.102812499993,339.6390909090912,579.4599999999992,60.28520000000002,91.9904999999999,2010
NM,39029.88059701493,7.052238805970148,.1100623815584539,.021589987,.47083777,54.60939393939397,44.35515151515153,3760.102812500001,339.6390909090912,579.4599999999994,60.28519999999991,91.99049999999991,2011
NM,35567.92182410423,6.821661237785054,.1184359056335125,.018771587,.44289881,54.60939393939397,44.35515151515188,3760.102812499997,339.6390909090919,579.4600000000036,60.28519999999921,91.9904999999999,2012
NM,,,,,,54.60939393939405,44.3551515151517,3760.102812499978,339.6390909090883,579.4599999999992,60.28519999999984,91.9904999999999,2013
NM,,,,,,54.60939393939402,44.35515151515138,3760.102812499983,339.6390909090914,579.4600000000017,60.28520000000012,91.9904999999999,2014
NV,47658.6835443038,4.820253164556964,.1094774894322021,.016339982,.19881593,66.28117647058835,31.46235294117649,2652.641176470587,1030.577647058823,1244.392352941174,55.17459999999996,37.12739999999997,2006
NV,54912.92307692308,4.961538461538461,.10685328909984,.05030068,.17835963,66.28117647058822,31.46235294117647,2652.641176470591,1030.577647058824,1244.392352941177,55.17460000000005,37.12739999999998,2007
NV,57789.765,6.741999999999988,.1113409630581737,.015474966,.20243445,66.28117647058805,31.4623529411765,2652.641176470599,1030.577647058819,1244.392352941178,55.17460000000015,37.1274000000001,2008
NV,52498.09375,11.60625,.1219700493384153,.081114829,.48965883,66.28117647058822,31.46235294117648,2652.641176470589,1030.577647058824,1244.392352941177,55.17460000000005,37.12739999999999,2009
NV,54168.42105263158,12.75789473684211,.0647132112399528,.082294211,.49773175,66.28117647058825,31.46235294117649,2652.641176470589,1030.577647058824,1244.392352941177,55.17460000000004,37.1274,2010
NV,50961.35211267605,13.89154929577466,.0676688645297373,.081193812,.50103778,66.28117647058833,31.46235294117649,2652.641176470587,1030.577647058823,1244.392352941175,55.17459999999994,37.12739999999999,2011
NV,50769.70709382151,13.63844393592684,.0649519307150993,.042087518,.50021243,66.28117647058777,31.4623529411765,2652.641176470576,1030.577647058818,1244.392352941168,55.17459999999964,37.12739999999977,2012
NV,,,,,,66.28117647058794,31.4623529411765,2652.64117647059,1030.577647058819,1244.392352941174,55.17460000000018,37.12740000000002,2013
NV,,,,,,66.28117647058836,31.46235294117649,2652.641176470587,1030.577647058822,1244.392352941173,55.17460000000003,37.12739999999994,2014
NY,44222,4.899999999999999,.1447876989841461,.046301525,.23495032,50.61112903225796,47.44967741935488,2379.420483870966,1285.622807017543,1674.762105263158,67.49759999999995,41.10950000000002,2006
NY,67103.85714285714,4.214285714285713,.1045304064239774,.040950309,.26045388,50.61112903225791,47.44967741935488,2379.420483870966,1285.622807017542,1674.762105263158,67.49759999999996,41.10950000000002,2007
NY,42584.63636363636,6.081818181818182,.1395158740607175,.013001444,.28625837,50.61112903225796,47.44967741935488,2379.420483870966,1285.622807017543,1674.762105263158,67.49759999999995,41.10950000000002,2008
NY,54059.84269662921,8,.0699925199151039,.093183815,.50840259,50.61112903225788,47.44967741935488,2379.420483870963,1285.622807017542,1674.762105263158,67.49759999999993,41.10950000000002,2010
NY,52927.98666666666,8.393333333333334,.070563884973526,.057093486,.50360858,50.61112903225788,47.44967741935488,2379.420483870964,1285.622807017542,1674.762105263158,67.49759999999998,41.10950000000002,2011
NY,58219.48571428571,7.848739495798331,.0670495570206843,.090432107,.50763524,50.61112903225852,47.44967741935424,2379.420483870963,1285.622807017535,1674.762105263164,67.49760000000005,41.10949999999965,2012
NY,,,,,,50.61112903225848,47.44967741935427,2379.420483870971,1285.622807017536,1674.762105263162,67.49759999999976,41.10949999999977,2013
NY,,,,,,50.6111290322579,47.44967741935488,2379.420483870967,1285.622807017542,1674.762105263158,67.49760000000001,41.10950000000002,2014
OH,45262.79195940671,5.457962529274033,.1306761595014131,.059115693,.27169058,58.21693181818172,41.26409090908865,2981.994352941337,720.7935227272599,1016.867954545476,54.70570000000174,16.57119999999917,2006
OH,44914.29508196721,5.757377049180327,.1315421469692813,.042812668,.26903489,58.21693181818201,41.26409090909092,2981.994352941169,720.7935227272727,1016.867954545454,54.70570000000016,16.57120000000003,2007
OH,46441.83176100629,6.934905660377372,.1367387183760322,.057129234,.27425161,58.21693181818164,41.26409090909124,2981.994352941169,720.7935227272692,1016.867954545458,54.70569999999942,16.57120000000018,2008
OH,44100.00735294117,10.84975490196078,.1483669388747098,.097030297,.50880665,58.21693181818164,41.26409090909112,2981.994352941169,720.7935227272698,1016.867954545462,54.70569999999987,16.57120000000009,2009
OH,45294.10461538462,10.18584615384616,.0723646678660925,.094139539,.50847733,58.21693181818168,41.26409090909125,2981.994352941169,720.7935227272692,1016.867954545457,54.7056999999994,16.57120000000018,2010
OH,44750.87074829932,10.4607385811468,.0739170089888996,.096405573,.5081585,58.21693181818257,41.26409090909133,2981.994352941243,720.7935227272859,1016.867954545444,54.70569999999911,16.57120000000016,2011
OH,46608.11084063616,9.981337228172494,.0721895490730401,.11432432,.50791109,58.21693181817461,41.26409090909309,2981.994352940869,720.7935227272566,1016.86795454558,54.70569999999567,16.57120000000138,2012
OH,,,,,,58.21693181818137,41.26409090908852,2981.994352941339,720.7935227272584,1016.867954545481,54.70570000000144,16.57119999999914,2013
OH,,,,,,58.2169318181828,41.26409090909135,2981.994352941267,720.793522727292,1016.867954545441,54.70569999999913,16.5711999999999,2014
OK,36438.08333333334,4.112499999999999,.153958849919339,.042014271,.24862355,67.42779220779219,32.57220779220779,2830.762857142856,395.2611688311688,621.4328571428564,29.00659999999998,44.36539999999999,2006
OK,51773.46341463415,3.900000000000002,.1037839233148389,.018159654,.2491253,67.42779220779219,32.57220779220779,2830.762857142854,395.2611688311686,621.4328571428562,29.00659999999996,44.36539999999996,2007
OK,40386.45,4.124999999999998,.1633830880746245,.030531956,.23708776,67.42779220779219,32.57220779220779,2830.762857142854,395.2611688311686,621.4328571428562,29.00659999999996,44.36539999999996,2008
OK,39178.92857142857,8.182142857142853,.1911656036973,.10512313,.5132404,67.42779220779219,32.57220779220779,2830.762857142855,395.2611688311687,621.4328571428563,29.00659999999997,44.36539999999998,2009
OK,39618.73571428571,7.793571428571428,.1084041480773262,.070225559,.50759023,67.42779220779207,32.57220779220776,2830.762857142851,395.261168831168,621.4328571428578,29.00660000000006,44.36539999999992,2010
OK,42662.94331983806,6.592307692307696,.096718273287722,.040451881,.50919384,67.42779220779232,32.57220779220757,2830.762857142845,395.2611688311697,621.432857142858,29.00659999999991,44.36540000000004,2011
OK,41309.41085271318,7.222148394241364,.10415367760251,.095456786,.51038915,67.42779220779089,32.5722077922074,2830.762857142839,395.2611688311648,621.4328571428666,29.00660000000039,44.36540000000003,2012
OK,,,,,,67.42779220779249,32.57220779220746,2830.762857142841,395.2611688311716,621.432857142857,29.00660000000018,44.3653999999999,2013
OK,,,,,,67.42779220779205,32.57220779220776,2830.762857142852,395.261168831168,621.4328571428576,29.00660000000005,44.36539999999993,2014
OR,44421.53588516746,5.792583732057405,.1415575490685171,.0070834965,.23225239,58.26694444444395,40.08944444444425,3591.041666666679,839.6572222222253,949.9158333333327,62.08949999999936,79.3499999999994,2006
OR,45848.5,6.050000000000001,.1271916357800364,.0022770022,.22372396,58.26694444444444,40.08944444444444,3591.041666666665,839.6572222222221,949.9158333333328,62.08950000000003,79.35000000000001,2007
OR,45478.77272727273,6.554545454545451,.1451283344490961,.0042469953,.24312821,58.26694444444442,40.08944444444444,3591.041666666666,839.6572222222222,949.9158333333327,62.08950000000004,79.34999999999997,2008
OR,53009.66666666666,10.74444444444444,.1139553255505032,.0089403177,.50291634,58.26694444444443,40.08944444444444,3591.041666666665,839.6572222222221,949.9158333333328,62.08950000000003,79.34999999999998,2009
OR,42227.37704918033,11.2672131147541,.084778827477674,.0098887477,.51187617,58.26694444444446,40.08944444444437,3591.041666666664,839.6572222222234,949.9158333333327,62.08950000000004,79.35000000000001,2010
OR,41430.70526315789,11.13157894736843,.0880521459014792,.010093124,.50898409,58.2669444444445,40.08944444444436,3591.041666666668,839.6572222222223,949.9158333333327,62.08950000000004,79.35000000000014,2011
OR,46194.70736842106,10.44610526315786,.0777680297744902,.0082208263,.51304293,58.26694444444392,40.08944444444442,3591.041666666687,839.6572222222278,949.9158333333327,62.08949999999923,79.3499999999993,2012
OR,,,,,,58.26694444444407,40.08944444444435,3591.041666666652,839.6572222222185,949.9158333333328,62.08949999999984,79.34999999999974,2013
OR,,,,,,58.26694444444441,40.08944444444444,3591.041666666666,839.6572222222225,949.9158333333327,62.08950000000004,79.34999999999997,2014
PA,49053.3164556962,4.139240506329116,.0989805582580687,.077993475,.2697123,58.23805970149259,41.13208955223886,2213.754328358209,743.5835820895519,965.5840298507452,56.98610000000006,60.11129999999996,2006
PA,58402.33333333334,4.037499999999999,.0827144645154476,.033436392,.26804048,58.2380597014926,41.1320895522388,2213.754328358206,743.5835820895519,965.5840298507463,56.98610000000007,60.11130000000002,2007
PA,51643.75,5.350000000000003,.1090673299675638,.018474562,.25707081,58.2380597014926,41.13208955223878,2213.754328358206,743.5835820895519,965.5840298507463,56.98610000000007,60.11130000000002,2008
PA,48317.59259259259,7.662962962962966,.1214243278459266,.086118296,.51868188,58.2380597014926,41.1320895522388,2213.754328358206,743.5835820895519,965.5840298507463,56.98610000000007,60.11130000000002,2009
PA,51781.3137254902,8.20980392156863,.0560748941977234,.088903733,.51095533,58.2380597014926,41.13208955223879,2213.754328358206,743.5835820895519,965.5840298507463,56.98610000000007,60.11130000000002,2010
PA,49209.42465753425,7.817351598173505,.0664111649762142,.047645904,.51364118,58.2380597014926,41.1320895522387,2213.754328358216,743.5835820895533,965.5840298507469,56.98610000000007,60.11130000000006,2011
PA,39340.10154905335,9.584165232358083,.1090907115848309,.29025757,.5233202,58.23805970149259,41.13208955223917,2213.754328358218,743.5835820895593,965.5840298507395,56.98609999999919,60.1113000000001,2012
PA,,,,,,58.2380597014926,41.13208955223905,2213.754328358218,743.5835820895579,965.5840298507367,56.98609999999924,60.11130000000031,2013
PA,,,,,,58.2380597014926,41.13208955223887,2213.75432835821,743.5835820895519,965.5840298507445,56.98610000000007,60.11129999999992,2014
PR,0,9.6,0,0,.51343369,,,,,,,,2008
PR,0,11.8,0,0,.53293484,,,,,,,,2010
PR,0,16.80315789473683,0,0,.51835024,,,,,,,,2011
PR,0,17.42477876106198,0,0,.51663005,,,,,,,,2012
PR,,,,,,,,,,,,,2013
PR,,,,,,,,,,,,,2014
RI,55792.5,4.946153846153835,.0883688485751358,.01501961,.26693404,40.42199999999981,57.63199999999976,2587.574000000009,1491.561999999999,1531.945999999997,83.53709999999977,77.83330000000015,2006
RI,56660,4.861538461538466,.0786352959962992,.012024978,.2684679,40.42200000000002,57.63200000000001,2587.573999999996,1491.562000000002,1531.945999999997,83.53709999999984,77.83330000000001,2007
RI,52097.50746268657,8.077611940298498,.1222196690626998,.030121638,.27188233,40.42200000000002,57.63200000000003,2587.573999999996,1491.562000000001,1531.945999999998,83.53709999999988,77.83329999999997,2008
RI,58280.41935483871,10.69032258064516,.0841124661026462,.020288005,.516626,40.42200000000002,57.63200000000001,2587.573999999999,1491.562,1531.945999999999,83.5371,77.83329999999997,2009
RI,56792.40677966102,11.19830508474576,.0499768067719573,.032609794,.51532382,40.42200000000002,57.63200000000003,2587.573999999996,1491.562000000001,1531.945999999998,83.53709999999992,77.83329999999992,2010
RI,49590.43258426966,12.01685393258427,.0700653806914774,.076212578,.51661724,40.42199999999983,57.63199999999978,2587.574000000006,1491.562000000003,1531.945999999997,83.53709999999968,77.83330000000014,2011
RI,47290.91708126036,12.30530679933665,.0785608695724216,.094613738,.51662719,40.42199999999966,57.63200000000041,2587.574000000018,1491.562000000009,1531.945999999997,83.53710000000082,77.83329999999901,2012
RI,,,,,,40.42199999999994,57.63199999999986,2587.574,1491.562000000003,1531.945999999997,83.53709999999974,77.83330000000009,2013
RI,,,,,,40.422,57.632,2587.574,1491.562,1531.946,83.5371,77.83329999999999,2014
SC,42036.38853503185,6.962420382165609,.150993390756238,.16441794,.25816643,53.3295652173911,45.60956521739159,4765.853913043459,645.7147826086998,754.8378260869588,46.47979999999967,14.15889999999996,2006
SC,40089.45098039215,6.766666666666669,.1733852667259235,.18069206,.26667944,53.32956521739124,45.60956521739127,4765.853913043479,645.7147826086949,754.8378260869573,46.47980000000005,14.15890000000002,2007
SC,48047.51260504201,6.392436974789923,.140641302684275,.18440045,.24780901,53.32956521739114,45.60956521739138,4765.853913043468,645.7147826086959,754.8378260869555,46.47980000000006,14.15889999999997,2008
SC,42810.53225806452,11.37473118279568,.1744814653710652,.31522885,.51538014,53.32956521739111,45.60956521739151,4765.853913043483,645.7147826086982,754.8378260869546,46.47980000000002,14.15889999999995,2009
SC,38219.24220623501,12.13932853717029,.1067543642805349,.34809729,.51930279,53.32956521739109,45.60956521739138,4765.853913043443,645.7147826086995,754.8378260869603,46.47979999999983,14.15890000000006,2010
SC,36822.39716312056,13.33853427895981,.1121105269020331,.38669485,.52057683,53.32956521739109,45.60956521739136,4765.853913043442,645.7147826086991,754.8378260869604,46.47979999999984,14.15890000000006,2011
SC,37328.60663983903,12.84849094567405,.1130377179914917,.34494171,.52156252,53.32956521739108,45.60956521739053,4765.853913043543,645.7147826086841,754.8378260869455,46.47980000000049,14.15890000000023,2012
SC,,,,,,53.32956521739108,45.60956521739045,4765.853913043552,645.7147826086829,754.8378260869412,46.47980000000055,14.15890000000025,2013
SC,,,,,,53.32956521739109,45.6095652173913,4765.85391304344,645.7147826086982,754.8378260869606,46.47979999999988,14.15890000000008,2014
SD,45751.62209302326,2.995348837209307,.114725801660571,.0017725717,.26083285,60.24075757575758,38.05196969696959,1003.898281250003,876.4400000000016,1078.596060606061,53.87010000000007,15.5,2006
SD,47652.03539823009,2.652802359882,.1093149572215249,.0020064672,.25575322,60.24075757575731,38.05196969696957,1003.898281249997,876.440000000002,1078.596060606065,53.87010000000008,15.5,2007
SD,46374,3.4,.1089934036135674,.0011002527,.25305632,60.24075757575759,38.05196969696969,1003.89828125,876.4400000000003,1078.596060606061,53.87009999999999,15.5,2008
SD,40922.17073170732,4.358536585365851,.0729244614883167,.011357104,.50200677,60.24075757575761,38.0519696969697,1003.898281250001,876.4399999999998,1078.596060606061,53.87010000000004,15.5,2010
SD,42784.2972972973,5.813513513513513,.099484564837169,.0075494852,.48099327,60.24075757575763,38.05196969696969,1003.89828125,876.4399999999996,1078.596060606061,53.87010000000004,15.5,2011
SD,51601.37894736842,4.089473684210527,.0689066344578015,.0084039411,.51429063,60.24075757575767,38.05196969696964,1003.898281250002,876.4400000000013,1078.596060606059,53.87010000000006,15.5,2012
SD,,,,,,60.24075757575761,38.0519696969697,1003.898281250001,876.4399999999998,1078.596060606061,53.87010000000004,15.5,2013
SD,,,,,,60.24075757575763,38.05196969696968,1003.89828125,876.4399999999998,1078.596060606061,53.87010000000002,15.5,2014
TN,41254.28136882129,5.160836501901112,.1556447328355149,.071003392,.25131297,58.14694736842067,41.17873684210589,3292.790315789523,352.3003157894713,554.9809473684265,43.07409999999998,60.56309999999949,2006
TN,41696.22857142857,5.685714285714286,.1572652361222676,.11215146,.25061947,58.14694736842103,41.17873684210529,3292.790315789475,352.300315789474,554.9809473684213,43.07410000000004,60.56310000000002,2007
TN,40464.61149825784,7.696689895470374,.1625141339954183,.046078503,.2418527,58.14694736842189,41.17873684210544,3292.790315789453,352.3003157894715,554.9809473684245,43.07410000000045,60.56309999999957,2008
TN,44163.34545454545,11.25909090909091,.1607818705453114,.10823684,.51000798,58.14694736842103,41.17873684210522,3292.790315789467,352.3003157894738,554.9809473684217,43.07409999999992,60.56310000000008,2009
TN,41350.56034482759,10.17701149425288,.0844692208204718,.078350805,.51136255,58.14694736842138,41.17873684210505,3292.790315789485,352.3003157894718,554.9809473684217,43.07409999999985,60.56309999999968,2010
TN,40822.78544542033,11.2942283563362,.0836503398855926,.075567834,.51368093,58.14694736842114,41.17873684210571,3292.790315789486,352.3003157894714,554.9809473684257,43.07410000000062,60.56309999999952,2011
TN,39709.29125138427,11.13920265780733,.0902318010576298,.059199598,.51175493,58.14694736842402,41.17873684210623,3292.790315789401,352.3003157894973,554.9809473683928,43.07409999999877,60.56309999999944,2012
TN,,,,,,58.14694736842325,41.17873684210616,3292.7903157894,352.3003157894873,554.980947368418,43.07409999999901,60.56309999999944,2013
TN,,,,,,58.1469473684212,41.1787368421057,3292.790315789481,352.3003157894714,554.9809473684256,43.0741000000007,60.56309999999953,2014
TX,43364.76165803109,5.093264248704648,.171157067279703,.042878717,.23505211,69.88763779527611,29.60885826771612,2792.761377952753,1390.591220472452,1547.820669291327,45.99049999999989,10.8615,2006
TX,47897.8048,4.190559999999989,.1443724083602428,.05460884,.23172057,69.88763779527601,29.60885826771643,2792.76137795276,1390.591220472447,1547.820669291332,45.99049999999989,10.86149999999998,2007
TX,55169.49593495935,4.651219512195119,.1291998580279874,.045517128,.21962598,69.88763779527586,29.60885826771664,2792.76137795276,1390.59122047244,1547.820669291338,45.99049999999989,10.86149999999998,2008
TX,55461.86252771618,7.839911308203988,.1426191201429409,.080494165,.4974083,69.88763779527581,29.60885826771664,2792.76137795276,1390.591220472437,1547.820669291341,45.99049999999989,10.86149999999998,2009
TX,52812.89945945946,7.566810810810743,.0816918479751896,.089318007,.51767528,69.88763779527618,29.60885826771591,2792.761377952716,1390.591220472456,1547.820669291324,45.99049999999989,10.86150000000015,2010
TX,45991.10412757974,8.104784240150082,.0998138420067126,.08387132,.51176679,69.88763779527534,29.60885826771576,2792.761377952691,1390.591220472458,1547.820669291322,45.99049999999989,10.86150000000024,2011
TX,42673.12870146331,8.852920843415303,.1286752259079549,.072999172,.51045984,69.88763779528652,29.60885826771811,2792.761377952932,1390.591220472168,1547.820669291506,45.99050000000966,10.86149999999931,2012
TX,,,,,,69.88763779527505,29.60885826771777,2792.761377952874,1390.591220472323,1547.820669291473,45.99050000000503,10.86149999999954,2013
TX,,,,,,69.88763779527282,29.6088582677168,2792.761377952705,1390.591220472464,1547.820669291376,45.99049999999989,10.8615000000002,2014
UT,51932.56407035176,2.948869346733696,.1062553085236993,.0050938027,.23503481,77.00724137930968,20.8820689655171,2808.837777777783,743.5548275862075,1009.0372413793,31.49510000000009,10.125,2006
UT,56229.4,2.56,.1056136474013329,.0016911182,.22082524,77.00724137931034,20.88206896551725,2808.837777777776,743.5548275862067,1009.03724137931,31.4951,10.125,2007
UT,58978.17006802721,3.339455782312932,.087563399352184,.0062708016,.22711276,77.00724137931019,20.8820689655172,2808.837777777768,743.5548275862084,1009.037241379311,31.49510000000007,10.125,2008
UT,56756.40186915888,6.384112149532707,.1061093598325676,.01955707,.49444711,77.00724137931043,20.88206896551721,2808.837777777775,743.554827586208,1009.037241379309,31.49510000000006,10.125,2009
UT,56112.90625,7.860937500000006,.0585402115248144,.017080387,.50699371,77.0072413793104,20.88206896551721,2808.837777777778,743.5548275862072,1009.03724137931,31.49510000000004,10.125,2010
UT,54225.53333333333,9.026666666666667,.0609045408666134,.0092246123,.50419742,77.00724137931032,20.88206896551724,2808.837777777777,743.5548275862068,1009.037241379311,31.49509999999999,10.125,2011
UT,56298.46069469835,7.959049360146328,.0577046374434527,.016923625,.50611413,77.00724137930973,20.88206896551723,2808.837777777793,743.5548275862096,1009.037241379317,31.49510000000009,10.125,2012
UT,,,,,,77.00724137931034,20.8820689655172,2808.837777777772,743.5548275862081,1009.037241379309,31.49510000000006,10.125,2013
UT,,,,,,77.0072413793104,20.88206896551721,2808.837777777778,743.5548275862072,1009.03724137931,31.49510000000004,10.125,2014
VA,44777.80047225502,3.595513577331749,.1281268895508055,.11769295,.27128658,56.53388059701496,42.54485074626843,2546.175846153867,726.8911940298393,1021.130970149268,49.30710000000031,53.00830000000079,2006
VA,47098.94736842105,3.636842105263157,.1098950603290608,.07023301,.23509733,56.533880597015,42.54485074626862,2546.175846153842,726.8911940298498,1021.130970149255,49.3071,53.00829999999997,2007
VA,59107.85245901639,4.458606557377038,.1247574673721292,.090731703,.27275908,56.53388059701501,42.54485074626858,2546.175846153858,726.8911940298541,1021.13097014925,49.3071,53.00829999999994,2008
VA,57423.85625,7.111875,.1135625465540215,.14706372,.50686634,56.533880597015,42.54485074626875,2546.175846153852,726.8911940298527,1021.130970149254,49.3071,53.00830000000017,2009
VA,50128.60833333333,8.014999999999997,.0898060910714169,.14833651,.51510507,56.53388059701501,42.54485074626873,2546.175846153846,726.8911940298514,1021.130970149257,49.3071,53.00830000000013,2010
VA,51678.08888888889,7.703703703703697,.0839726510837122,.12079217,.50746852,56.53388059701501,42.54485074626874,2546.175846153849,726.8911940298519,1021.130970149256,49.3071,53.00830000000016,2011
VA,55683.02690909091,7.616581818181822,.0783722666312348,.17795971,.51419479,56.53388059701454,42.54485074626963,2546.175846153868,726.8911940298348,1021.130970149281,49.30709999999974,53.00830000000099,2012
VA,,,,,,56.53388059701514,42.5448507462694,2546.175846153867,726.8911940298357,1021.130970149278,49.30709999999965,53.00830000000095,2013
VA,,,,,,56.53388059701501,42.54485074626873,2546.175846153846,726.8911940298512,1021.130970149257,49.3071,53.00830000000013,2014
VI,0,0,.089,0,0,,,,,,,,2006
VI,0,0,.089,0,0,,,,,,,,2008
VI,0,0,.089,0,0,,,,,,,,2012
VT,47467.175,3.625,.0981628127396107,.0035583274,.26677102,41.26357142857138,56.54285714285717,2032.22230769231,688.141428571428,703.7892857142862,91.23579999999995,89.42430000000003,2006
VT,41034,4.3,.1336812973022461,.0017853027,.24809045,41.26357142857142,56.54285714285715,2032.222307692308,688.1414285714284,703.7892857142858,91.23580000000001,89.4243,2007
VT,52142.93442622951,4.788524590163936,.096078134706763,.0028968507,.26193616,41.2635714285715,56.54285714285722,2032.222307692311,688.1414285714276,703.7892857142866,91.23580000000021,89.42430000000003,2008
VT,51334,6.2,.0561271868646145,.008079417,.50650048,41.26357142857142,56.54285714285715,2032.222307692308,688.1414285714284,703.7892857142858,91.23580000000001,89.4243,2010
VT,42661,7.125,.0731813814491034,.008285258,.50549078,41.26357142857142,56.54285714285715,2032.222307692308,688.1414285714284,703.7892857142858,91.23580000000001,89.4243,2011
VT,49594.64864864865,6.489189189189192,.063126765191555,.0089622186,.51016408,41.26357142857139,56.54285714285718,2032.222307692309,688.1414285714282,703.7892857142861,91.23579999999997,89.42430000000002,2012
VT,,,,,,41.26357142857142,56.54285714285715,2032.222307692308,688.1414285714283,703.7892857142859,91.23580000000003,89.4243,2013
VT,,,,,,41.26357142857142,56.54285714285715,2032.222307692308,688.1414285714283,703.7892857142859,91.23580000000003,89.4243,2014
WA,49150.69216757741,5.446265938069192,.1298077364192634,.012308737,.23263092,55.03051282051358,43.16102564102526,4301.220512820459,605.1717948717985,864.5035897435857,59.62970000000058,82.48290000000057,2006
WA,46660.5625,5.653124999999999,.1168572038877755,.010259854,.22781077,55.03051282051275,43.16102564102562,4301.220512820511,605.1717948717948,864.503589743589,59.62969999999996,82.48289999999999,2007
WA,57228.91020408164,5.5534693877551,.1101380523978447,.011487593,.22339459,55.03051282051275,43.1610256410258,4301.220512820521,605.171794871797,864.5035897435939,59.62969999999989,82.48290000000017,2008
WA,58586.29831932773,8.464285714285701,.1121468243478727,.044116154,.50222266,55.03051282051275,43.1610256410258,4301.220512820522,605.1717948717969,864.5035897435936,59.6296999999999,82.48290000000021,2009
WA,50040.88813559322,10.39491525423727,.0741238884122695,.027018147,.50684422,55.03051282051275,43.16102564102581,4301.220512820502,605.1717948717975,864.5035897435954,59.62969999999995,82.48289999999999,2010
WA,50836.94685990338,10.53478260869563,.0722374540848145,.02886828,.5070613,55.03051282051275,43.16102564102579,4301.220512820522,605.1717948717966,864.5035897435922,59.62969999999996,82.48290000000038,2011
WA,51647.67837431008,9.875564475664783,.0761294611811458,.029450564,.51085067,55.03051282051135,43.16102564102489,4301.220512820421,605.1717948717993,864.5035897435719,59.62970000000175,82.4829000000021,2012
WA,,,,,,55.03051282051408,43.16102564102579,4301.220512820433,605.171794871799,864.5035897436061,59.6296999999992,82.48290000000164,2013
WA,,,,,,55.03051282051305,43.16102564102582,4301.220512820486,605.1717948717978,864.5035897435923,59.62970000000018,82.48289999999983,2014
WI,51135.09546769528,4.505593056894881,.0984797803873669,.014644003,.25149617,50.59902777777677,48.39111111111056,2366.283749999957,1075.542638888903,1145.673055555569,53.73889999999876,54.11050000000078,2006
WI,52836.52681388013,4.534384858044161,.1034223051383292,.016629659,.25709945,50.5990277777779,48.39111111111148,2366.283749999985,1075.54263888889,1145.673055555555,53.73890000000019,54.11050000000019,2007
WI,53243.24615384615,4.830256410256414,.0939046670993169,.014582349,.24893166,50.59902777777768,48.39111111111119,2366.283750000002,1075.542638888894,1145.673055555555,53.73890000000014,54.11050000000002,2008
WI,46093.83571428571,9.167857142857141,.1157696436558451,.032724015,.49868813,50.5990277777776,48.39111111111107,2366.283750000002,1075.54263888889,1145.673055555555,53.73890000000009,54.11049999999983,2009
WI,45284.51101321586,8.752863436123345,.0691461096054132,.078780979,.50275564,50.59902777777776,48.39111111111129,2366.283750000001,1075.542638888895,1145.673055555555,53.73890000000016,54.11050000000012,2010
WI,53321.30383480826,7.217404129793499,.0531365570823791,.029289169,.50446695,50.59902777777791,48.39111111111152,2366.283749999982,1075.542638888889,1145.673055555555,53.7389000000002,54.11050000000011,2011
WI,48726.67741935484,8.492774193548334,.0569897701134605,.024578655,.50251991,50.5990277777775,48.39111111111131,2366.28374999996,1075.542638888902,1145.673055555555,53.73889999999948,54.1105000000002,2012
WI,,,,,,50.59902777777791,48.39111111111152,2366.283749999982,1075.542638888889,1145.673055555555,53.7389000000002,54.11050000000011,2013
WI,,,,,,50.59902777777778,48.39111111111108,2366.283750000002,1075.542638888888,1145.673055555555,53.73890000000004,54.11049999999999,2014
WV,36684.76687116564,4.688957055214733,.1588526247926285,.021437403,.27851331,57.52290909090888,41.70581818181796,1903.370377358503,456.584909090908,527.679636363638,67.27760000000016,89.75,2006
WV,40881.59259259259,4.411111111111112,.1442958185518229,.020551639,.27443409,57.52290909090903,41.70581818181816,1903.370377358491,456.5849090909088,527.6796363636366,67.27759999999995,89.75,2007
WV,39713.00847457627,3.967796610169493,.1609845022528859,.024091983,.28777239,57.522909090909,41.70581818181827,1903.370377358488,456.5849090909099,527.6796363636371,67.27760000000013,89.75,2008
WV,44023.75,8.350000000000001,.1435247098820077,.03789812,.50714409,57.52290909090914,41.70581818181822,1903.370377358488,456.5849090909096,527.6796363636362,67.27759999999999,89.75,2009
WV,39202.86868686869,9.452525252525263,.1006834908115743,.018266438,.50121218,57.52290909090905,41.70581818181824,1903.370377358488,456.5849090909098,527.6796363636367,67.27760000000009,89.75,2010
WV,39212.44295302014,8.85268456375838,.1007839415797451,.030689552,.51523525,57.52290909090888,41.70581818181801,1903.370377358502,456.584909090907,527.679636363638,67.27760000000006,89.75,2011
WV,37995.7518022657,8.764778578784695,.1113978926970956,.042447776,.51148164,57.52290909091033,41.70581818181832,1903.370377358511,456.5849090909026,527.6796363636383,67.27760000000089,89.75,2012
WV,,,,,,57.52290909090886,41.70581818181789,1903.370377358505,456.5849090909093,527.6796363636381,67.27760000000032,89.75,2013
WV,,,,,,57.522909090909,41.70581818181827,1903.370377358487,456.58490909091,527.6796363636372,67.27760000000013,89.75,2014
WY,41596.28,3.290666666666664,.1206771945953369,.0025975702,.27499336,72.53130434782608,25.48652173913046,2981.522608695647,1309.551304347827,1622.413913043478,35.70760000000002,45.92509999999996,2006
WY,52056.26943005181,3.416062176165798,.0847257689954086,.0097734118,.255211,72.53130434782587,25.48652173913041,2981.522608695658,1309.55130434782,1622.413913043483,35.70759999999994,45.92510000000019,2007
WY,57089.27147766323,3.468728522336764,.0928686139048989,.0079786386,.2522476,72.53130434782612,25.4865217391305,2981.522608695661,1309.551304347818,1622.413913043491,35.70759999999986,45.92510000000026,2008
WY,47655.16666666666,6.25,.1103906780481339,.0084728142,.49664167,72.53130434782609,25.48652173913044,2981.522608695651,1309.551304347826,1622.413913043478,35.70760000000001,45.92509999999999,2009
WY,50898.825,6.763750000000002,.0688023250550032,.010446305,.5049538,72.53130434782609,25.48652173913046,2981.522608695647,1309.551304347827,1622.413913043478,35.70760000000003,45.92509999999996,2010
WY,53820.04347826087,7.399999999999996,.0653313024212485,.0080067003,.49653044,72.53130434782602,25.48652173913046,2981.522608695652,1309.551304347827,1622.413913043478,35.70759999999998,45.92509999999998,2011
WY,55398.60714285714,8.074404761904772,.0608781766856001,.0072399406,.48810291,72.53130434782592,25.48652173913036,2981.522608695657,1309.551304347822,1622.413913043479,35.70759999999997,45.92510000000016,2012
WY,,,,,,72.53130434782612,25.48652173913044,2981.522608695646,1309.551304347827,1622.413913043478,35.70760000000004,45.92509999999996,2013
WY,,,,,,72.53130434782609,25.48652173913046,2981.522608695653,1309.551304347827,1622.413913043478,35.70759999999999,45.9251,2014
